,cellaverage,mid
0,0.13333333333333333,18006
1,0.0,18031
2,-0.3076923076923077,18086
3,0.14285714285714285,18087
4,0.0,18106
5,0.6666666666666666,18124
6,0.0,18145
7,0.0,18147
8,1.0,18160
9,0.0,18179
