"localtime","MAE","ACC"
"'2017-Aug-31--21-12-56'","0.29749999999999999","0.70250000000000012"
