localtime, MAE, ACC
'2017-Aug-28--09-46-17', 0.21749999999999997, 0.78249999999999997
